sku,name,category,unit,price,stock,aliases,source
SKF-6205-2RS,SKF sealed deep-groove bearing,Bearings,piece,420,480,6205-2RS,Sample catalogue
ABB-ACS355-2.2,ABB variable-frequency drive 2.2 kW,Automation,unit,18500,18,ACS355,Sample catalogue
CG-MTR-3HP,Crompton three-phase motor 3 HP,Motors,unit,14200,24,3HP-CG,Sample catalogue
KSB-ETN-40,KSB end-suction centrifugal pump,Pumps,unit,32500,9,ETN-40,Sample catalogue
SCH-MCB-32A,Schneider 32 A circuit breaker,Electrical,piece,380,320,MCB-32A,Sample catalogue
FES-DSNU-25,Festo pneumatic cylinder,Pneumatics,unit,3200,64,DSNU-25,Sample catalogue
DAN-PV-1IN,Danfoss brass ball valve 1 inch,Valves,piece,1250,160,PV-1IN,Sample catalogue
BOS-GWS-750,Bosch angle grinder 750 W,Tools,unit,3450,38,GWS-750,Sample catalogue
3M-GLV-CUT,3M cut-resistant work gloves,Safety,pair,280,800,GLV-CUT,Sample catalogue
UNB-M12-50,Unbrako hex bolt M12 x 50 mm,Fasteners,piece,42,2400,M12-50,Sample catalogue
WIKA-PG-10,WIKA pressure gauge 0-10 bar,Instrumentation,unit,1850,72,PG-10,Sample catalogue
ESAB-E6013,ESAB welding electrodes 5 kg,Welding,pack,1150,95,E6013,Sample catalogue
